seed,strategy,round,labeled_examples,macro_f1
7,random,0,385,0.5083467861195842
7,random,1,485,0.5477816002837402
7,random,2,585,0.5860303117634433
7,random,3,685,0.6073560975570278
7,random,4,785,0.6306313707375305
7,random,5,885,0.6414135125836616
7,margin,0,385,0.5083467861195842
7,margin,1,485,0.5547621242530769
7,margin,2,585,0.5837880171156237
7,margin,3,685,0.615248335856118
7,margin,4,785,0.6378791432743817
7,margin,5,885,0.6753590519676854
21,random,0,385,0.48850338443063007
21,random,1,485,0.530628607399117
21,random,2,585,0.5451675927396281
21,random,3,685,0.567796823866162
21,random,4,785,0.5920452538601656
21,random,5,885,0.6221725779850164
21,margin,0,385,0.48850338443063007
21,margin,1,485,0.5304905498657722
21,margin,2,585,0.5520540652769573
21,margin,3,685,0.5851314466239051
21,margin,4,785,0.6203639228602621
21,margin,5,885,0.6543381149947096
42,random,0,385,0.5126051650477184
42,random,1,485,0.5436551088357539
42,random,2,585,0.5658136168723993
42,random,3,685,0.5841318906806098
42,random,4,785,0.6019243588848221
42,random,5,885,0.624868165043803
42,margin,0,385,0.5126051650477184
42,margin,1,485,0.5479295056121695
42,margin,2,585,0.5743840203730081
42,margin,3,685,0.6074191575398841
42,margin,4,785,0.6330506781972481
42,margin,5,885,0.654668744048602
