strategy,labeled_examples,mean,std
margin,385,0.5031517785326441,0.012863321309049085
margin,485,0.5443940599103395,0.012516064199362275
margin,585,0.5700753675885296,0.016299824889783127
margin,685,0.6025996466733025,0.01562618053144049
margin,785,0.6304312481106306,0.009046645622704883
margin,885,0.6614553036703323,0.012042134006476185
random,385,0.5031517785326441,0.012863321309049085
random,485,0.540688438839537,0.008953051958680004
random,585,0.5656705071251569,0.020431735408541127
random,685,0.5864282707012666,0.01987936253094301
random,785,0.6082003278275061,0.02004402513333005
random,885,0.629484751870827,0.010418159458653174
